scenario,seed,lambda,total_requests,completed_requests,canceled_requests,completion_rate,cancellation_rate,avg_matching_delay,avg_passenger_wait,avg_trip_time,throughput,utilization
low,1.0,0.5,145.0,137.0,4.0,0.9448275862068966,0.027586206896551724,0.5182481751824818,3.5032091751948027,6.959050664609958,0.45666666666666667,0.231721599675542
low,2.0,0.5,117.0,115.0,0.0,0.9829059829059829,0.0,0.0,3.336483931727208,7.0088845632662204,0.38333333333333336,0.20145289615404066
low,3.0,0.5,145.0,140.0,0.0,0.9655172413793104,0.0,0.5642857142857143,4.060379907338435,6.964031061997297,0.4666666666666667,0.2475695892845004
medium,1.0,1.0,289.0,268.0,9.0,0.9273356401384083,0.031141868512110725,1.7761194029850746,5.620574386725704,7.281018570269144,0.8933333333333333,0.5114378187457699
medium,2.0,1.0,288.0,273.0,2.0,0.9479166666666666,0.006944444444444444,1.468864468864469,6.232825240238058,6.850820950769687,0.91,0.5426392350241858
medium,3.0,1.0,287.0,258.0,16.0,0.8989547038327527,0.05574912891986063,1.2131782945736433,5.348040807844282,6.756329042427446,0.86,0.47782123689501765
high,1.0,2.0,583.0,424.0,110.0,0.7272727272727273,0.18867924528301888,14.127358490566039,20.255134484049318,6.805042290361536,1.4133333333333333,0.9359191587250337
high,2.0,2.0,621.0,347.0,217.0,0.5587761674718197,0.3494363929146538,12.890489913544668,18.644543968836924,6.9419553618372065,1.1566666666666667,0.7547525446239873
high,3.0,2.0,602.0,399.0,151.0,0.6627906976744186,0.25083056478405313,13.100250626566416,19.41139396380296,6.669965806098545,1.33,0.8869104246984498
